{
  "MLC1597649635": {
    "status": "active",
    "lastUpdated": "2025-04-24T12:00:00Z",
    "title": "Arriendo Departamento Cercano A Metro Macul",
    "price": 450000,
    "image": "http://http2.mlstatic.com/D_856672-MLC83471032528_042025-O.jpg",
    "bedrooms": "2"
  },
  "MLC2790358548": {
    "status": "active",
    "lastUpdated": "2025-04-24T12:00:00Z",
    "title": "Vendo Casa En Condominio Los Cormoranes Ciudad De Los Valles",
    "price": 7400,
    "image": "http://http2.mlstatic.com/D_607393-MLC83764049855_042025-O.jpg",
    "bedrooms": "3"
  },
  "MLC1536945491": {
    "status": "active",
    "lastUpdated": "2025-04-24T12:00:00Z",
    "title": "Vendo Departamento Cerca De Metro Ciudad Del Niño San Miguel",
    "price": 3260,
    "image": "http://http2.mlstatic.com/D_721243-MLC83471620584_042025-O.jpg",
    "bedrooms": "3"
  },
  "MLC2756924584": {
    "status": "active",
    "lastUpdated": "2025-04-24T12:00:00Z",
    "title": "Vendo Departamento  ¡¡precio Rebajado!! En Metro San Miguel",
    "price": 3460,
    "image": "http://http2.mlstatic.com/D_677987-MLC80052246518_102024-O.jpg",
    "bedrooms": "3"
  },
  "MLC2628803452": {
    "status": "active",
    "lastUpdated": "2025-04-24T12:00:00Z",
    "title": "Vendo Departamento Condominio Parque Las Palmas, Metro Macul",
    "price": 2750,
    "image": "http://http2.mlstatic.com/D_625347-MLC83764328295_042025-O.jpg",
    "bedrooms": "2"
  },
  "MLC2729017104": {
    "status": "active",
    "lastUpdated": "2025-04-24T12:00:00Z",
    "title": "Casa En Venta En Nueva San Martín Con Barros Luco, Maipú",
    "price": 3340,
    "image": "http://http2.mlstatic.com/D_709174-MLC83764356157_042025-O.jpg",
    "bedrooms": "3"
  },
  "MLC2828435846": {
    "status": "active",
    "lastUpdated": "2025-04-24T12:00:00Z",
    "title": "Vendo Departamento A Pasos De Av. Apoquindo, Las Condes",
    "price": 7990,
    "image": "http://http2.mlstatic.com/D_745104-MLC83763941423_042025-O.jpg",
    "bedrooms": "4"
  },
  "MLC2832963280": {
    "status": "active",
    "lastUpdated": "2025-04-24T12:00:00Z",
    "title": "Vendo Casa En Padre Vicente Irarrázaval E.central",
    "price": 75000000,
    "image": "http://http2.mlstatic.com/D_897636-MLC83472155260_042025-O.jpg",
    "bedrooms": "4"
  },
  "MLC1573825921": {
    "status": "active",
    "lastUpdated": "2025-04-24T12:00:00Z",
    "title": "Vendo Casa En Lomas Del Maipo Cercano A Las Vizcachas",
    "price": 105000000,
    "image": "http://http2.mlstatic.com/D_710209-MLC83764135719_042025-O.jpg",
    "bedrooms": "2"
  },
  "MLC2846673330": {
    "status": "active",
    "lastUpdated": "2025-04-24T12:00:00Z",
    "title": "Vendo Gran Casa En Carriel Sur, Frente A Mall Plaza Oeste ",
    "price": 4670,
    "image": "http://http2.mlstatic.com/D_970455-MLC83471370794_042025-O.jpg",
    "bedrooms": "4"
  },
  "MLC2854464882": {
    "status": "active",
    "lastUpdated": "2025-04-24T12:00:00Z",
    "title": "Vendo Departamento Cercano A Metro El Parrón, La Cisterna",
    "price": 1620,
    "image": "http://http2.mlstatic.com/D_742843-MLC83471369368_042025-O.jpg",
    "bedrooms": "2"
  },
  "MLC1584807613": {
    "status": "active",
    "lastUpdated": "2025-04-24T12:00:00Z",
    "title": "Vendo Departamento En S. Lucía A Pasos Del Barrio Lastarria ",
    "price": 7950,
    "image": "http://http2.mlstatic.com/D_630349-MLC83763771485_042025-O.jpg",
    "bedrooms": "6"
  },
  "MLC2856622608": {
    "status": "active",
    "lastUpdated": "2025-04-24T12:00:00Z",
    "title": "Vendo Departamento En Lazo Cerca De Metro Lo Vial San Miguel",
    "price": 3270,
    "image": "http://http2.mlstatic.com/D_653715-MLC83471877312_042025-O.jpg",
    "bedrooms": "2"
  },
  "MLC1594938707": {
    "status": "active",
    "lastUpdated": "2025-04-24T12:00:00Z",
    "title": "Vendo Casa En Villa Napoli ||, San Vicente De Tagua Tagua",
    "price": 95000000,
    "image": "http://http2.mlstatic.com/D_602695-MLC83471397376_042025-O.jpg",
    "bedrooms": "3"
  },
  "MLC2869595412": {
    "status": "active",
    "lastUpdated": "2025-04-24T12:00:00Z",
    "title": "Vendo Casa Con Local Comercial En Llico, San Miguel",
    "price": 240000000,
    "image": "http://http2.mlstatic.com/D_823504-MLC83471734294_042025-O.jpg",
    "bedrooms": "4"
  },
  "MLC2869584574": {
    "status": "active",
    "lastUpdated": "2025-04-24T12:00:00Z",
    "title": "Vendo Departamento G. Mackenna A Pasos De Metro Cal Y Canto",
    "price": 62000000,
    "image": "http://http2.mlstatic.com/D_851772-MLC83764355641_042025-O.jpg",
    "bedrooms": "1"
  },
  "MLC2872585524": {
    "status": "active",
    "lastUpdated": "2025-04-24T12:00:00Z",
    "title": "Test Casa",
    "price": 25000,
    "image": "http://http2.mlstatic.com/D_623517-MLC83790144577_042025-O.jpg",
    "bedrooms": "1"
  },
  "MLC2837655690": {
    "status": "active",
    "lastUpdated": "2025-04-24T12:00:00Z",
    "title": "Vendo Parcela En Condominio Alto Linares ||",
    "price": 130000000,
    "image": "http://http2.mlstatic.com/D_743521-MLC82089670009_012025-O.jpg",
    "bedrooms": "0"
  },
  "MLC1571467149": {
    "status": "active",
    "lastUpdated": "2025-04-24T12:00:00Z",
    "title": "Vendo Terreno En Condominio Alto Linares ||",
    "price": 130000000,
    "image": "http://http2.mlstatic.com/D_967348-MLC83764048681_042025-O.jpg",
    "bedrooms": null
  },
  "MLC2839032200": {
    "status": "active",
    "lastUpdated": "2025-04-24T12:00:00Z",
    "title": "Vendo Oficina En Guardia Vieja Metro Los Leones",
    "price": 5640,
    "image": "http://http2.mlstatic.com/D_883862-MLC83764969069_042025-O.jpg",
    "bedrooms": null
  }
}
